Type,Subtype,Subset,Filter,Genotype,QQ.Field,QQ,METRIC.Recall,METRIC.Precision,METRIC.Frac_NA,METRIC.F1_Score,FP.gt,FP.al,Subset.Size,Subset.IS_CONF.Size,Subset.Level,TRUTH.TOTAL,TRUTH.TOTAL.ti,TRUTH.TOTAL.tv,TRUTH.TOTAL.het,TRUTH.TOTAL.homalt,TRUTH.TOTAL.TiTv_ratio,TRUTH.TOTAL.het_hom_ratio,TRUTH.TP,TRUTH.TP.ti,TRUTH.TP.tv,TRUTH.TP.het,TRUTH.TP.homalt,TRUTH.TP.TiTv_ratio,TRUTH.TP.het_hom_ratio,TRUTH.FN,TRUTH.FN.ti,TRUTH.FN.tv,TRUTH.FN.het,TRUTH.FN.homalt,TRUTH.FN.TiTv_ratio,TRUTH.FN.het_hom_ratio,QUERY.TOTAL,QUERY.TOTAL.ti,QUERY.TOTAL.tv,QUERY.TOTAL.het,QUERY.TOTAL.homalt,QUERY.TOTAL.TiTv_ratio,QUERY.TOTAL.het_hom_ratio,QUERY.TP,QUERY.TP.ti,QUERY.TP.tv,QUERY.TP.het,QUERY.TP.homalt,QUERY.TP.TiTv_ratio,QUERY.TP.het_hom_ratio,QUERY.FP,QUERY.FP.ti,QUERY.FP.tv,QUERY.FP.het,QUERY.FP.homalt,QUERY.FP.TiTv_ratio,QUERY.FP.het_hom_ratio,QUERY.UNK,QUERY.UNK.ti,QUERY.UNK.tv,QUERY.UNK.het,QUERY.UNK.homalt,QUERY.UNK.TiTv_ratio,QUERY.UNK.het_hom_ratio
INDEL,*,*,ALL,*,QUAL,*,0.84982,0.612635,0.474874,0.711994,193,1543,40298468,32959293.000000,0.000000,8330,.,.,5679.000000,2315.000000,,2.45313174946,7079,.,.,4892.000000,1934.000000,,2.52947259566,1251,.,.,787.000000,381.000000,,2.0656167979,22427,.,.,18630.000000,2483.000000,,7.50302053967,7215,.,.,5201.000000,1925.000000,,2.70181818182,4562,.,.,4224.000000,33.000000,,128.0,10650,.,.,9205.000000,525.000000,,17.5333333333
INDEL,*,*,PASS,*,QUAL,*,0.815486,0.934053,0.337296,0.870752,19,285,40298468,32959293.000000,0.000000,8330,.,.,5679.000000,2315.000000,,2.45313174946,6793,.,.,4649.000000,1921.000000,,2.4200937012,1537,.,.,1030.000000,394.000000,,2.61421319797,11189,.,.,8578.000000,2425.000000,,3.53731958763,6926,.,.,4938.000000,1914.000000,,2.57993730408,489,.,.,447.000000,30.000000,,14.9,3774,.,.,3193.000000,481.000000,,6.63825363825
INDEL,*,TS_boundary,ALL,*,QUAL,*,0.543632,0.353029,0.658929,0.428072,22,254,3036641434.000000,32959293.000000,0.000000,848,.,.,647.000000,149.000000,,4.34228187919,461,.,.,339.000000,95.000000,,3.56842105263,387,.,.,308.000000,54.000000,,5.7037037037,3920,.,.,3411.000000,219.000000,,15.5753424658,472,.,.,380.000000,88.000000,,4.31818181818,865,.,.,798.000000,10.000000,,79.8,2583,.,.,2233.000000,121.000000,,18.4545454545
INDEL,*,TS_boundary,PASS,*,QUAL,*,0.464623,0.719298,0.619746,0.564569,4,116,3036641434.000000,32959293.000000,0.000000,848,.,.,647.000000,149.000000,,4.34228187919,394,.,.,279.000000,92.000000,,3.03260869565,454,.,.,368.000000,57.000000,,6.45614035088,1499,.,.,1261.000000,208.000000,,6.0625,410,.,.,320.000000,87.000000,,3.67816091954,160,.,.,148.000000,8.000000,,18.5,929,.,.,793.000000,113.000000,,7.01769911504
INDEL,*,TS_contained,ALL,*,QUAL,*,0.884523,0.645881,0.0,0.746596,171,1289,32959293.000000,32959293.000000,0.000000,7482,.,.,5032.000000,2166.000000,,2.32317636196,6618,.,.,4553.000000,1839.000000,,2.47580206634,864,.,.,479.000000,327.000000,,1.46483180428,10440,.,.,8247.000000,1860.000000,,4.43387096774,6743,.,.,4821.000000,1837.000000,,2.62438758846,3697,.,.,3426.000000,23.000000,,148.956521739,0,.,.,0.000000,0.000000,,
INDEL,*,TS_contained,PASS,*,QUAL,*,0.855253,0.951936,0.0,0.901008,15,169,32959293.000000,32959293.000000,0.000000,7482,.,.,5032.000000,2166.000000,,2.32317636196,6399,.,.,4370.000000,1829.000000,,2.38928376162,1083,.,.,662.000000,337.000000,,1.96439169139,6845,.,.,4917.000000,1849.000000,,2.65927528394,6516,.,.,4618.000000,1827.000000,,2.52764094143,329,.,.,299.000000,22.000000,,13.5909090909,0,.,.,0.000000,0.000000,,
INDEL,*,coding.exons.acmg.ensembl87,ALL,*,QUAL,*,1.0,0.5,0.6,0.666667,0,1,7153.000000,7053.000000,0.000000,1,.,.,1.000000,0.000000,,,1,.,.,1.000000,0.000000,,,0,.,.,0.000000,0.000000,,,5,.,.,5.000000,0.000000,,,1,.,.,1.000000,0.000000,,,1,.,.,1.000000,0.000000,,,3,.,.,3.000000,0.000000,,
INDEL,*,coding.exons.acmg.ensembl87,PASS,*,QUAL,*,1.0,1.0,0.0,1.0,0,0,7153.000000,7053.000000,0.000000,1,.,.,1.000000,0.000000,,,1,.,.,1.000000,0.000000,,,0,.,.,0.000000,0.000000,,,1,.,.,1.000000,0.000000,,,1,.,.,1.000000,0.000000,,,0,.,.,0.000000,0.000000,,,0,.,.,0.000000,0.000000,,
INDEL,*,coding.exons.acmg.ensembl87_NF2,ALL,*,QUAL,*,1.0,0.5,0.6,0.666667,0,1,7153.000000,7053.000000,1.000000,1,.,.,1.000000,0.000000,,,1,.,.,1.000000,0.000000,,,0,.,.,0.000000,0.000000,,,5,.,.,5.000000,0.000000,,,1,.,.,1.000000,0.000000,,,1,.,.,1.000000,0.000000,,,3,.,.,3.000000,0.000000,,
INDEL,*,coding.exons.acmg.ensembl87_NF2,PASS,*,QUAL,*,1.0,1.0,0.0,1.0,0,0,7153.000000,7053.000000,1.000000,1,.,.,1.000000,0.000000,,,1,.,.,1.000000,0.000000,,,0,.,.,0.000000,0.000000,,,1,.,.,1.000000,0.000000,,,1,.,.,1.000000,0.000000,,,0,.,.,0.000000,0.000000,,,0,.,.,0.000000,0.000000,,
INDEL,*,high.at,ALL,*,QUAL,*,0.817412,0.599828,0.509291,0.691918,41,336,4222773.000000,3378999.000000,0.000000,1654,.,.,1120.000000,434.000000,,2.58064516129,1352,.,.,938.000000,345.000000,,2.71884057971,302,.,.,182.000000,89.000000,,2.04494382022,4736,.,.,3995.000000,467.000000,,8.55460385439,1394,.,.,1028.000000,343.000000,,2.9970845481,930,.,.,861.000000,6.000000,,143.5,2412,.,.,2106.000000,118.000000,,17.8474576271
INDEL,*,high.at,PASS,*,QUAL,*,0.770859,0.909593,0.371367,0.834499,4,81,4222773.000000,3378999.000000,0.000000,1654,.,.,1120.000000,434.000000,,2.58064516129,1275,.,.,876.000000,337.000000,,2.59940652819,379,.,.,244.000000,97.000000,,2.51546391753,2305,.,.,1814.000000,451.000000,,4.022172949,1318,.,.,961.000000,337.000000,,2.85163204748,131,.,.,123.000000,6.000000,,20.5,856,.,.,730.000000,108.000000,,6.75925925926
INDEL,*,high.gc,ALL,*,QUAL,*,0.912409,0.826667,0.542683,0.867424,2,15,687864.000000,542382.000000,0.000000,137,.,.,80.000000,52.000000,,1.53846153846,125,.,.,72.000000,50.000000,,1.44,12,.,.,8.000000,2.000000,,4.0,328,.,.,244.000000,72.000000,,3.38888888889,124,.,.,72.000000,50.000000,,1.44,26,.,.,21.000000,3.000000,,7.0,178,.,.,151.000000,19.000000,,7.94736842105
INDEL,*,high.gc,PASS,*,QUAL,*,0.890511,0.909774,0.392694,0.90004,0,10,687864.000000,542382.000000,0.000000,137,.,.,80.000000,52.000000,,1.53846153846,122,.,.,69.000000,50.000000,,1.38,15,.,.,11.000000,2.000000,,5.5,219,.,.,145.000000,71.000000,,2.04225352113,121,.,.,69.000000,50.000000,,1.38,12,.,.,9.000000,3.000000,,3.0,86,.,.,67.000000,18.000000,,3.72222222222
INDEL,*,repeat.masker,ALL,*,QUAL,*,0.825013,0.553386,0.500672,0.662436,155,1259,22296513.000000,16369452.000000,0.000000,5589,.,.,3846.000000,1461.000000,,2.63244353183,4611,.,.,3237.000000,1160.000000,,2.79051724138,978,.,.,609.000000,301.000000,,2.02325581395,17125,.,.,14591.000000,1534.000000,,9.51173402868,4732,.,.,3517.000000,1152.000000,,3.05295138889,3819,.,.,3573.000000,15.000000,,238.2,8574,.,.,7501.000000,367.000000,,20.4386920981
INDEL,*,repeat.masker,PASS,*,QUAL,*,0.781356,0.920567,0.377141,0.845268,14,218,22296513.000000,16369452.000000,0.000000,5589,.,.,3846.000000,1461.000000,,2.63244353183,4367,.,.,3028.000000,1149.000000,,2.63533507398,1222,.,.,818.000000,312.000000,,2.62179487179,7822,.,.,6197.000000,1492.000000,,4.15348525469,4485,.,.,3289.000000,1143.000000,,2.87751531059,387,.,.,363.000000,15.000000,,24.2,2950,.,.,2545.000000,334.000000,,7.61976047904
INDEL,C16_PLUS,*,ALL,*,QUAL,*,0.0,0.0,0.0,,0,0,40298468,32959293.000000,0.000000,0,.,.,0.000000,0.000000,,,0,.,.,0.000000,0.000000,,,0,.,.,0.000000,0.000000,,,0,.,.,0.000000,0.000000,,,0,.,.,0.000000,0.000000,,,0,.,.,0.000000,0.000000,,,0,.,.,0.000000,0.000000,,
INDEL,C16_PLUS,*,PASS,*,QUAL,*,0.0,0.0,0.0,,0,0,40298468,32959293.000000,0.000000,0,.,.,0.000000,0.000000,,,0,.,.,0.000000,0.000000,,,0,.,.,0.000000,0.000000,,,0,.,.,0.000000,0.000000,,,0,.,.,0.000000,0.000000,,,0,.,.,0.000000,0.000000,,,0,.,.,0.000000,0.000000,,
INDEL,C16_PLUS,TS_boundary,ALL,*,QUAL,*,0.0,0.0,0.0,,0,0,3036641434.000000,32959293.000000,0.000000,0,.,.,0.000000,0.000000,,,0,.,.,0.000000,0.000000,,,0,.,.,0.000000,0.000000,,,0,.,.,0.000000,0.000000,,,0,.,.,0.000000,0.000000,,,0,.,.,0.000000,0.000000,,,0,.,.,0.000000,0.000000,,
INDEL,C16_PLUS,TS_boundary,PASS,*,QUAL,*,0.0,0.0,0.0,,0,0,3036641434.000000,32959293.000000,0.000000,0,.,.,0.000000,0.000000,,,0,.,.,0.000000,0.000000,,,0,.,.,0.000000,0.000000,,,0,.,.,0.000000,0.000000,,,0,.,.,0.000000,0.000000,,,0,.,.,0.000000,0.000000,,,0,.,.,0.000000,0.000000,,
INDEL,C16_PLUS,TS_contained,ALL,*,QUAL,*,0.0,0.0,0.0,,0,0,32959293.000000,32959293.000000,0.000000,0,.,.,0.000000,0.000000,,,0,.,.,0.000000,0.000000,,,0,.,.,0.000000,0.000000,,,0,.,.,0.000000,0.000000,,,0,.,.,0.000000,0.000000,,,0,.,.,0.000000,0.000000,,,0,.,.,0.000000,0.000000,,
INDEL,C16_PLUS,TS_contained,PASS,*,QUAL,*,0.0,0.0,0.0,,0,0,32959293.000000,32959293.000000,0.000000,0,.,.,0.000000,0.000000,,,0,.,.,0.000000,0.000000,,,0,.,.,0.000000,0.000000,,,0,.,.,0.000000,0.000000,,,0,.,.,0.000000,0.000000,,,0,.,.,0.000000,0.000000,,,0,.,.,0.000000,0.000000,,
INDEL,C16_PLUS,coding.exons.acmg.ensembl87,ALL,*,QUAL,*,0.0,0.0,0.0,,0,0,7153.000000,7053.000000,0.000000,0,.,.,0.000000,0.000000,,,0,.,.,0.000000,0.000000,,,0,.,.,0.000000,0.000000,,,0,.,.,0.000000,0.000000,,,0,.,.,0.000000,0.000000,,,0,.,.,0.000000,0.000000,,,0,.,.,0.000000,0.000000,,
INDEL,C16_PLUS,coding.exons.acmg.ensembl87,PASS,*,QUAL,*,0.0,0.0,0.0,,0,0,7153.000000,7053.000000,0.000000,0,.,.,0.000000,0.000000,,,0,.,.,0.000000,0.000000,,,0,.,.,0.000000,0.000000,,,0,.,.,0.000000,0.000000,,,0,.,.,0.000000,0.000000,,,0,.,.,0.000000,0.000000,,,0,.,.,0.000000,0.000000,,
INDEL,C16_PLUS,coding.exons.acmg.ensembl87_NF2,ALL,*,QUAL,*,0.0,0.0,0.0,,0,0,7153.000000,7053.000000,1.000000,0,.,.,0.000000,0.000000,,,0,.,.,0.000000,0.000000,,,0,.,.,0.000000,0.000000,,,0,.,.,0.000000,0.000000,,,0,.,.,0.000000,0.000000,,,0,.,.,0.000000,0.000000,,,0,.,.,0.000000,0.000000,,
INDEL,C16_PLUS,coding.exons.acmg.ensembl87_NF2,PASS,*,QUAL,*,0.0,0.0,0.0,,0,0,7153.000000,7053.000000,1.000000,0,.,.,0.000000,0.000000,,,0,.,.,0.000000,0.000000,,,0,.,.,0.000000,0.000000,,,0,.,.,0.000000,0.000000,,,0,.,.,0.000000,0.000000,,,0,.,.,0.000000,0.000000,,,0,.,.,0.000000,0.000000,,
INDEL,C16_PLUS,high.at,ALL,*,QUAL,*,0.0,0.0,0.0,,0,0,4222773.000000,3378999.000000,0.000000,0,.,.,0.000000,0.000000,,,0,.,.,0.000000,0.000000,,,0,.,.,0.000000,0.000000,,,0,.,.,0.000000,0.000000,,,0,.,.,0.000000,0.000000,,,0,.,.,0.000000,0.000000,,,0,.,.,0.000000,0.000000,,
INDEL,C16_PLUS,high.at,PASS,*,QUAL,*,0.0,0.0,0.0,,0,0,4222773.000000,3378999.000000,0.000000,0,.,.,0.000000,0.000000,,,0,.,.,0.000000,0.000000,,,0,.,.,0.000000,0.000000,,,0,.,.,0.000000,0.000000,,,0,.,.,0.000000,0.000000,,,0,.,.,0.000000,0.000000,,,0,.,.,0.000000,0.000000,,
INDEL,C16_PLUS,high.gc,ALL,*,QUAL,*,0.0,0.0,0.0,,0,0,687864.000000,542382.000000,0.000000,0,.,.,0.000000,0.000000,,,0,.,.,0.000000,0.000000,,,0,.,.,0.000000,0.000000,,,0,.,.,0.000000,0.000000,,,0,.,.,0.000000,0.000000,,,0,.,.,0.000000,0.000000,,,0,.,.,0.000000,0.000000,,
INDEL,C16_PLUS,high.gc,PASS,*,QUAL,*,0.0,0.0,0.0,,0,0,687864.000000,542382.000000,0.000000,0,.,.,0.000000,0.000000,,,0,.,.,0.000000,0.000000,,,0,.,.,0.000000,0.000000,,,0,.,.,0.000000,0.000000,,,0,.,.,0.000000,0.000000,,,0,.,.,0.000000,0.000000,,,0,.,.,0.000000,0.000000,,
INDEL,C16_PLUS,repeat.masker,ALL,*,QUAL,*,0.0,0.0,0.0,,0,0,22296513.000000,16369452.000000,0.000000,0,.,.,0.000000,0.000000,,,0,.,.,0.000000,0.000000,,,0,.,.,0.000000,0.000000,,,0,.,.,0.000000,0.000000,,,0,.,.,0.000000,0.000000,,,0,.,.,0.000000,0.000000,,,0,.,.,0.000000,0.000000,,
INDEL,C16_PLUS,repeat.masker,PASS,*,QUAL,*,0.0,0.0,0.0,,0,0,22296513.000000,16369452.000000,0.000000,0,.,.,0.000000,0.000000,,,0,.,.,0.000000,0.000000,,,0,.,.,0.000000,0.000000,,,0,.,.,0.000000,0.000000,,,0,.,.,0.000000,0.000000,,,0,.,.,0.000000,0.000000,,,0,.,.,0.000000,0.000000,,
INDEL,C1_5,*,ALL,*,QUAL,*,0.0,0.0,0.0,,0,0,40298468,32959293.000000,0.000000,0,.,.,0.000000,0.000000,,,0,.,.,0.000000,0.000000,,,0,.,.,0.000000,0.000000,,,0,.,.,0.000000,0.000000,,,0,.,.,0.000000,0.000000,,,0,.,.,0.000000,0.000000,,,0,.,.,0.000000,0.000000,,
INDEL,C1_5,*,PASS,*,QUAL,*,0.0,0.0,0.0,,0,0,40298468,32959293.000000,0.000000,0,.,.,0.000000,0.000000,,,0,.,.,0.000000,0.000000,,,0,.,.,0.000000,0.000000,,,0,.,.,0.000000,0.000000,,,0,.,.,0.000000,0.000000,,,0,.,.,0.000000,0.000000,,,0,.,.,0.000000,0.000000,,
INDEL,C1_5,TS_boundary,ALL,*,QUAL,*,0.0,0.0,0.0,,0,0,3036641434.000000,32959293.000000,0.000000,0,.,.,0.000000,0.000000,,,0,.,.,0.000000,0.000000,,,0,.,.,0.000000,0.000000,,,0,.,.,0.000000,0.000000,,,0,.,.,0.000000,0.000000,,,0,.,.,0.000000,0.000000,,,0,.,.,0.000000,0.000000,,
INDEL,C1_5,TS_boundary,PASS,*,QUAL,*,0.0,0.0,0.0,,0,0,3036641434.000000,32959293.000000,0.000000,0,.,.,0.000000,0.000000,,,0,.,.,0.000000,0.000000,,,0,.,.,0.000000,0.000000,,,0,.,.,0.000000,0.000000,,,0,.,.,0.000000,0.000000,,,0,.,.,0.000000,0.000000,,,0,.,.,0.000000,0.000000,,
INDEL,C1_5,TS_contained,ALL,*,QUAL,*,0.0,0.0,0.0,,0,0,32959293.000000,32959293.000000,0.000000,0,.,.,0.000000,0.000000,,,0,.,.,0.000000,0.000000,,,0,.,.,0.000000,0.000000,,,0,.,.,0.000000,0.000000,,,0,.,.,0.000000,0.000000,,,0,.,.,0.000000,0.000000,,,0,.,.,0.000000,0.000000,,
INDEL,C1_5,TS_contained,PASS,*,QUAL,*,0.0,0.0,0.0,,0,0,32959293.000000,32959293.000000,0.000000,0,.,.,0.000000,0.000000,,,0,.,.,0.000000,0.000000,,,0,.,.,0.000000,0.000000,,,0,.,.,0.000000,0.000000,,,0,.,.,0.000000,0.000000,,,0,.,.,0.000000,0.000000,,,0,.,.,0.000000,0.000000,,
INDEL,C1_5,coding.exons.acmg.ensembl87,ALL,*,QUAL,*,0.0,0.0,0.0,,0,0,7153.000000,7053.000000,0.000000,0,.,.,0.000000,0.000000,,,0,.,.,0.000000,0.000000,,,0,.,.,0.000000,0.000000,,,0,.,.,0.000000,0.000000,,,0,.,.,0.000000,0.000000,,,0,.,.,0.000000,0.000000,,,0,.,.,0.000000,0.000000,,
INDEL,C1_5,coding.exons.acmg.ensembl87,PASS,*,QUAL,*,0.0,0.0,0.0,,0,0,7153.000000,7053.000000,0.000000,0,.,.,0.000000,0.000000,,,0,.,.,0.000000,0.000000,,,0,.,.,0.000000,0.000000,,,0,.,.,0.000000,0.000000,,,0,.,.,0.000000,0.000000,,,0,.,.,0.000000,0.000000,,,0,.,.,0.000000,0.000000,,
INDEL,C1_5,coding.exons.acmg.ensembl87_NF2,ALL,*,QUAL,*,0.0,0.0,0.0,,0,0,7153.000000,7053.000000,1.000000,0,.,.,0.000000,0.000000,,,0,.,.,0.000000,0.000000,,,0,.,.,0.000000,0.000000,,,0,.,.,0.000000,0.000000,,,0,.,.,0.000000,0.000000,,,0,.,.,0.000000,0.000000,,,0,.,.,0.000000,0.000000,,
INDEL,C1_5,coding.exons.acmg.ensembl87_NF2,PASS,*,QUAL,*,0.0,0.0,0.0,,0,0,7153.000000,7053.000000,1.000000,0,.,.,0.000000,0.000000,,,0,.,.,0.000000,0.000000,,,0,.,.,0.000000,0.000000,,,0,.,.,0.000000,0.000000,,,0,.,.,0.000000,0.000000,,,0,.,.,0.000000,0.000000,,,0,.,.,0.000000,0.000000,,
INDEL,C1_5,high.at,ALL,*,QUAL,*,0.0,0.0,0.0,,0,0,4222773.000000,3378999.000000,0.000000,0,.,.,0.000000,0.000000,,,0,.,.,0.000000,0.000000,,,0,.,.,0.000000,0.000000,,,0,.,.,0.000000,0.000000,,,0,.,.,0.000000,0.000000,,,0,.,.,0.000000,0.000000,,,0,.,.,0.000000,0.000000,,
INDEL,C1_5,high.at,PASS,*,QUAL,*,0.0,0.0,0.0,,0,0,4222773.000000,3378999.000000,0.000000,0,.,.,0.000000,0.000000,,,0,.,.,0.000000,0.000000,,,0,.,.,0.000000,0.000000,,,0,.,.,0.000000,0.000000,,,0,.,.,0.000000,0.000000,,,0,.,.,0.000000,0.000000,,,0,.,.,0.000000,0.000000,,
INDEL,C1_5,high.gc,ALL,*,QUAL,*,0.0,0.0,0.0,,0,0,687864.000000,542382.000000,0.000000,0,.,.,0.000000,0.000000,,,0,.,.,0.000000,0.000000,,,0,.,.,0.000000,0.000000,,,0,.,.,0.000000,0.000000,,,0,.,.,0.000000,0.000000,,,0,.,.,0.000000,0.000000,,,0,.,.,0.000000,0.000000,,
INDEL,C1_5,high.gc,PASS,*,QUAL,*,0.0,0.0,0.0,,0,0,687864.000000,542382.000000,0.000000,0,.,.,0.000000,0.000000,,,0,.,.,0.000000,0.000000,,,0,.,.,0.000000,0.000000,,,0,.,.,0.000000,0.000000,,,0,.,.,0.000000,0.000000,,,0,.,.,0.000000,0.000000,,,0,.,.,0.000000,0.000000,,
INDEL,C1_5,repeat.masker,ALL,*,QUAL,*,0.0,0.0,0.0,,0,0,22296513.000000,16369452.000000,0.000000,0,.,.,0.000000,0.000000,,,0,.,.,0.000000,0.000000,,,0,.,.,0.000000,0.000000,,,0,.,.,0.000000,0.000000,,,0,.,.,0.000000,0.000000,,,0,.,.,0.000000,0.000000,,,0,.,.,0.000000,0.000000,,
INDEL,C1_5,repeat.masker,PASS,*,QUAL,*,0.0,0.0,0.0,,0,0,22296513.000000,16369452.000000,0.000000,0,.,.,0.000000,0.000000,,,0,.,.,0.000000,0.000000,,,0,.,.,0.000000,0.000000,,,0,.,.,0.000000,0.000000,,,0,.,.,0.000000,0.000000,,,0,.,.,0.000000,0.000000,,,0,.,.,0.000000,0.000000,,
INDEL,C6_15,*,ALL,*,QUAL,*,0.0,0.0,0.0,,0,0,40298468,32959293.000000,0.000000,0,.,.,0.000000,0.000000,,,0,.,.,0.000000,0.000000,,,0,.,.,0.000000,0.000000,,,0,.,.,0.000000,0.000000,,,0,.,.,0.000000,0.000000,,,0,.,.,0.000000,0.000000,,,0,.,.,0.000000,0.000000,,
INDEL,C6_15,*,PASS,*,QUAL,*,0.0,0.0,0.0,,0,0,40298468,32959293.000000,0.000000,0,.,.,0.000000,0.000000,,,0,.,.,0.000000,0.000000,,,0,.,.,0.000000,0.000000,,,0,.,.,0.000000,0.000000,,,0,.,.,0.000000,0.000000,,,0,.,.,0.000000,0.000000,,,0,.,.,0.000000,0.000000,,
INDEL,C6_15,TS_boundary,ALL,*,QUAL,*,0.0,0.0,0.0,,0,0,3036641434.000000,32959293.000000,0.000000,0,.,.,0.000000,0.000000,,,0,.,.,0.000000,0.000000,,,0,.,.,0.000000,0.000000,,,0,.,.,0.000000,0.000000,,,0,.,.,0.000000,0.000000,,,0,.,.,0.000000,0.000000,,,0,.,.,0.000000,0.000000,,
INDEL,C6_15,TS_boundary,PASS,*,QUAL,*,0.0,0.0,0.0,,0,0,3036641434.000000,32959293.000000,0.000000,0,.,.,0.000000,0.000000,,,0,.,.,0.000000,0.000000,,,0,.,.,0.000000,0.000000,,,0,.,.,0.000000,0.000000,,,0,.,.,0.000000,0.000000,,,0,.,.,0.000000,0.000000,,,0,.,.,0.000000,0.000000,,
INDEL,C6_15,TS_contained,ALL,*,QUAL,*,0.0,0.0,0.0,,0,0,32959293.000000,32959293.000000,0.000000,0,.,.,0.000000,0.000000,,,0,.,.,0.000000,0.000000,,,0,.,.,0.000000,0.000000,,,0,.,.,0.000000,0.000000,,,0,.,.,0.000000,0.000000,,,0,.,.,0.000000,0.000000,,,0,.,.,0.000000,0.000000,,
INDEL,C6_15,TS_contained,PASS,*,QUAL,*,0.0,0.0,0.0,,0,0,32959293.000000,32959293.000000,0.000000,0,.,.,0.000000,0.000000,,,0,.,.,0.000000,0.000000,,,0,.,.,0.000000,0.000000,,,0,.,.,0.000000,0.000000,,,0,.,.,0.000000,0.000000,,,0,.,.,0.000000,0.000000,,,0,.,.,0.000000,0.000000,,
INDEL,C6_15,coding.exons.acmg.ensembl87,ALL,*,QUAL,*,0.0,0.0,0.0,,0,0,7153.000000,7053.000000,0.000000,0,.,.,0.000000,0.000000,,,0,.,.,0.000000,0.000000,,,0,.,.,0.000000,0.000000,,,0,.,.,0.000000,0.000000,,,0,.,.,0.000000,0.000000,,,0,.,.,0.000000,0.000000,,,0,.,.,0.000000,0.000000,,
INDEL,C6_15,coding.exons.acmg.ensembl87,PASS,*,QUAL,*,0.0,0.0,0.0,,0,0,7153.000000,7053.000000,0.000000,0,.,.,0.000000,0.000000,,,0,.,.,0.000000,0.000000,,,0,.,.,0.000000,0.000000,,,0,.,.,0.000000,0.000000,,,0,.,.,0.000000,0.000000,,,0,.,.,0.000000,0.000000,,,0,.,.,0.000000,0.000000,,
INDEL,C6_15,coding.exons.acmg.ensembl87_NF2,ALL,*,QUAL,*,0.0,0.0,0.0,,0,0,7153.000000,7053.000000,1.000000,0,.,.,0.000000,0.000000,,,0,.,.,0.000000,0.000000,,,0,.,.,0.000000,0.000000,,,0,.,.,0.000000,0.000000,,,0,.,.,0.000000,0.000000,,,0,.,.,0.000000,0.000000,,,0,.,.,0.000000,0.000000,,
INDEL,C6_15,coding.exons.acmg.ensembl87_NF2,PASS,*,QUAL,*,0.0,0.0,0.0,,0,0,7153.000000,7053.000000,1.000000,0,.,.,0.000000,0.000000,,,0,.,.,0.000000,0.000000,,,0,.,.,0.000000,0.000000,,,0,.,.,0.000000,0.000000,,,0,.,.,0.000000,0.000000,,,0,.,.,0.000000,0.000000,,,0,.,.,0.000000,0.000000,,
INDEL,C6_15,high.at,ALL,*,QUAL,*,0.0,0.0,0.0,,0,0,4222773.000000,3378999.000000,0.000000,0,.,.,0.000000,0.000000,,,0,.,.,0.000000,0.000000,,,0,.,.,0.000000,0.000000,,,0,.,.,0.000000,0.000000,,,0,.,.,0.000000,0.000000,,,0,.,.,0.000000,0.000000,,,0,.,.,0.000000,0.000000,,
INDEL,C6_15,high.at,PASS,*,QUAL,*,0.0,0.0,0.0,,0,0,4222773.000000,3378999.000000,0.000000,0,.,.,0.000000,0.000000,,,0,.,.,0.000000,0.000000,,,0,.,.,0.000000,0.000000,,,0,.,.,0.000000,0.000000,,,0,.,.,0.000000,0.000000,,,0,.,.,0.000000,0.000000,,,0,.,.,0.000000,0.000000,,
INDEL,C6_15,high.gc,ALL,*,QUAL,*,0.0,0.0,0.0,,0,0,687864.000000,542382.000000,0.000000,0,.,.,0.000000,0.000000,,,0,.,.,0.000000,0.000000,,,0,.,.,0.000000,0.000000,,,0,.,.,0.000000,0.000000,,,0,.,.,0.000000,0.000000,,,0,.,.,0.000000,0.000000,,,0,.,.,0.000000,0.000000,,
INDEL,C6_15,high.gc,PASS,*,QUAL,*,0.0,0.0,0.0,,0,0,687864.000000,542382.000000,0.000000,0,.,.,0.000000,0.000000,,,0,.,.,0.000000,0.000000,,,0,.,.,0.000000,0.000000,,,0,.,.,0.000000,0.000000,,,0,.,.,0.000000,0.000000,,,0,.,.,0.000000,0.000000,,,0,.,.,0.000000,0.000000,,
INDEL,C6_15,repeat.masker,ALL,*,QUAL,*,0.0,0.0,0.0,,0,0,22296513.000000,16369452.000000,0.000000,0,.,.,0.000000,0.000000,,,0,.,.,0.000000,0.000000,,,0,.,.,0.000000,0.000000,,,0,.,.,0.000000,0.000000,,,0,.,.,0.000000,0.000000,,,0,.,.,0.000000,0.000000,,,0,.,.,0.000000,0.000000,,
INDEL,C6_15,repeat.masker,PASS,*,QUAL,*,0.0,0.0,0.0,,0,0,22296513.000000,16369452.000000,0.000000,0,.,.,0.000000,0.000000,,,0,.,.,0.000000,0.000000,,,0,.,.,0.000000,0.000000,,,0,.,.,0.000000,0.000000,,,0,.,.,0.000000,0.000000,,,0,.,.,0.000000,0.000000,,,0,.,.,0.000000,0.000000,,
INDEL,D16_PLUS,*,ALL,*,QUAL,*,0.9,0.614035,0.537525,0.730012,0,66,40298468,32959293.000000,0.000000,150,.,.,101.000000,42.000000,,2.40476190476,135,.,.,89.000000,39.000000,,2.28205128205,15,.,.,12.000000,3.000000,,4.0,493,.,.,394.000000,94.000000,,4.1914893617,140,.,.,101.000000,39.000000,,2.58974358974,88,.,.,80.000000,7.000000,,11.4285714286,265,.,.,213.000000,48.000000,,4.4375
INDEL,D16_PLUS,*,PASS,*,QUAL,*,0.833333,0.718232,0.502747,0.771513,0,41,40298468,32959293.000000,0.000000,150,.,.,101.000000,42.000000,,2.40476190476,125,.,.,80.000000,39.000000,,2.05128205128,25,.,.,21.000000,3.000000,,7.0,364,.,.,273.000000,91.000000,,3.0,130,.,.,91.000000,39.000000,,2.33333333333,51,.,.,44.000000,7.000000,,6.28571428571,183,.,.,138.000000,45.000000,,3.06666666667
INDEL,D16_PLUS,TS_boundary,ALL,*,QUAL,*,0.791667,0.263889,0.54717,0.395833,0,36,3036641434.000000,32959293.000000,0.000000,24,.,.,13.000000,11.000000,,1.18181818182,19,.,.,9.000000,10.000000,,0.9,5,.,.,4.000000,1.000000,,4.0,159,.,.,137.000000,21.000000,,6.52380952381,19,.,.,9.000000,10.000000,,0.9,53,.,.,52.000000,1.000000,,52.0,87,.,.,76.000000,10.000000,,7.6
INDEL,D16_PLUS,TS_boundary,PASS,*,QUAL,*,0.666667,0.390244,0.605769,0.492308,0,20,3036641434.000000,32959293.000000,0.000000,24,.,.,13.000000,11.000000,,1.18181818182,16,.,.,6.000000,10.000000,,0.6,8,.,.,7.000000,1.000000,,7.0,104,.,.,84.000000,20.000000,,4.2,16,.,.,6.000000,10.000000,,0.6,25,.,.,24.000000,1.000000,,24.0,63,.,.,54.000000,9.000000,,6.0
INDEL,D16_PLUS,TS_contained,ALL,*,QUAL,*,0.920635,0.775641,0.0,0.841941,0,30,32959293.000000,32959293.000000,0.000000,126,.,.,88.000000,31.000000,,2.83870967742,116,.,.,80.000000,29.000000,,2.75862068966,10,.,.,8.000000,2.000000,,4.0,156,.,.,120.000000,35.000000,,3.42857142857,121,.,.,92.000000,29.000000,,3.1724137931,35,.,.,28.000000,6.000000,,4.66666666667,0,.,.,0.000000,0.000000,,
INDEL,D16_PLUS,TS_contained,PASS,*,QUAL,*,0.865079,0.814286,0.0,0.838914,0,21,32959293.000000,32959293.000000,0.000000,126,.,.,88.000000,31.000000,,2.83870967742,109,.,.,74.000000,29.000000,,2.55172413793,17,.,.,14.000000,2.000000,,7.0,140,.,.,105.000000,35.000000,,3.0,114,.,.,85.000000,29.000000,,2.93103448276,26,.,.,20.000000,6.000000,,3.33333333333,0,.,.,0.000000,0.000000,,
INDEL,D16_PLUS,coding.exons.acmg.ensembl87,ALL,*,QUAL,*,0.0,0.0,0.0,,0,0,7153.000000,7053.000000,0.000000,0,.,.,0.000000,0.000000,,,0,.,.,0.000000,0.000000,,,0,.,.,0.000000,0.000000,,,0,.,.,0.000000,0.000000,,,0,.,.,0.000000,0.000000,,,0,.,.,0.000000,0.000000,,,0,.,.,0.000000,0.000000,,
INDEL,D16_PLUS,coding.exons.acmg.ensembl87,PASS,*,QUAL,*,0.0,0.0,0.0,,0,0,7153.000000,7053.000000,0.000000,0,.,.,0.000000,0.000000,,,0,.,.,0.000000,0.000000,,,0,.,.,0.000000,0.000000,,,0,.,.,0.000000,0.000000,,,0,.,.,0.000000,0.000000,,,0,.,.,0.000000,0.000000,,,0,.,.,0.000000,0.000000,,
INDEL,D16_PLUS,coding.exons.acmg.ensembl87_NF2,ALL,*,QUAL,*,0.0,0.0,0.0,,0,0,7153.000000,7053.000000,1.000000,0,.,.,0.000000,0.000000,,,0,.,.,0.000000,0.000000,,,0,.,.,0.000000,0.000000,,,0,.,.,0.000000,0.000000,,,0,.,.,0.000000,0.000000,,,0,.,.,0.000000,0.000000,,,0,.,.,0.000000,0.000000,,
INDEL,D16_PLUS,coding.exons.acmg.ensembl87_NF2,PASS,*,QUAL,*,0.0,0.0,0.0,,0,0,7153.000000,7053.000000,1.000000,0,.,.,0.000000,0.000000,,,0,.,.,0.000000,0.000000,,,0,.,.,0.000000,0.000000,,,0,.,.,0.000000,0.000000,,,0,.,.,0.000000,0.000000,,,0,.,.,0.000000,0.000000,,,0,.,.,0.000000,0.000000,,
INDEL,D16_PLUS,high.at,ALL,*,QUAL,*,0.903226,0.591837,0.631579,0.715103,0,15,4222773.000000,3378999.000000,0.000000,31,.,.,21.000000,8.000000,,2.625,28,.,.,19.000000,7.000000,,2.71428571429,3,.,.,2.000000,1.000000,,2.0,133,.,.,109.000000,22.000000,,4.95454545455,29,.,.,22.000000,7.000000,,3.14285714286,20,.,.,18.000000,1.000000,,18.0,84,.,.,69.000000,14.000000,,4.92857142857
INDEL,D16_PLUS,high.at,PASS,*,QUAL,*,0.709677,0.657143,0.593023,0.682401,0,8,4222773.000000,3378999.000000,0.000000,31,.,.,21.000000,8.000000,,2.625,22,.,.,13.000000,7.000000,,1.85714285714,9,.,.,8.000000,1.000000,,8.0,86,.,.,65.000000,21.000000,,3.09523809524,23,.,.,16.000000,7.000000,,2.28571428571,12,.,.,11.000000,1.000000,,11.0,51,.,.,38.000000,13.000000,,2.92307692308
INDEL,D16_PLUS,high.gc,ALL,*,QUAL,*,0.916667,0.55,0.5,0.6875,0,8,687864.000000,542382.000000,0.000000,12,.,.,8.000000,4.000000,,2.0,11,.,.,7.000000,4.000000,,1.75,1,.,.,1.000000,0.000000,,,40,.,.,29.000000,11.000000,,2.63636363636,11,.,.,7.000000,4.000000,,1.75,9,.,.,9.000000,0.000000,,,20,.,.,13.000000,7.000000,,1.85714285714
INDEL,D16_PLUS,high.gc,PASS,*,QUAL,*,0.916667,0.611111,0.470588,0.733333,0,6,687864.000000,542382.000000,0.000000,12,.,.,8.000000,4.000000,,2.0,11,.,.,7.000000,4.000000,,1.75,1,.,.,1.000000,0.000000,,,34,.,.,23.000000,11.000000,,2.09090909091,11,.,.,7.000000,4.000000,,1.75,7,.,.,7.000000,0.000000,,,16,.,.,9.000000,7.000000,,1.28571428571
INDEL,D16_PLUS,repeat.masker,ALL,*,QUAL,*,0.897727,0.61194,0.597598,0.727783,0,34,22296513.000000,16369452.000000,0.000000,88,.,.,54.000000,27.000000,,2.0,79,.,.,48.000000,24.000000,,2.0,9,.,.,6.000000,3.000000,,2.0,333,.,.,269.000000,59.000000,,4.5593220339,82,.,.,58.000000,24.000000,,2.41666666667,52,.,.,50.000000,1.000000,,50.0,199,.,.,161.000000,34.000000,,4.73529411765
INDEL,D16_PLUS,repeat.masker,PASS,*,QUAL,*,0.795455,0.793478,0.589286,0.794465,0,13,22296513.000000,16369452.000000,0.000000,88,.,.,54.000000,27.000000,,2.0,70,.,.,40.000000,24.000000,,1.66666666667,18,.,.,14.000000,3.000000,,4.66666666667,224,.,.,167.000000,57.000000,,2.9298245614,73,.,.,49.000000,24.000000,,2.04166666667,19,.,.,18.000000,1.000000,,18.0,132,.,.,100.000000,32.000000,,3.125
INDEL,D1_5,*,ALL,*,QUAL,*,0.870365,0.519452,0.433611,0.650608,65,779,40298468,32959293.000000,0.000000,3533,.,.,2352.000000,1001.000000,,2.34965034965,3075,.,.,2088.000000,849.000000,,2.4593639576,458,.,.,264.000000,152.000000,,1.73684210526,10574,.,.,9313.000000,1002.000000,,9.29441117764,3111,.,.,2258.000000,846.000000,,2.66903073286,2878,.,.,2788.000000,9.000000,,309.777777778,4585,.,.,4267.000000,147.000000,,29.0272108844
INDEL,D1_5,*,PASS,*,QUAL,*,0.830173,0.923818,0.319365,0.874496,12,109,40298468,32959293.000000,0.000000,3533,.,.,2352.000000,1001.000000,,2.34965034965,2933,.,.,1969.000000,842.000000,,2.33847980998,600,.,.,383.000000,159.000000,,2.40880503145,4725,.,.,3729.000000,991.000000,,3.76286579213,2971,.,.,2130.000000,840.000000,,2.53571428571,245,.,.,234.000000,9.000000,,26.0,1509,.,.,1365.000000,142.000000,,9.61267605634
INDEL,D1_5,TS_boundary,ALL,*,QUAL,*,0.533537,0.215174,0.534722,0.306669,7,115,3036641434.000000,32959293.000000,0.000000,328,.,.,231.000000,67.000000,,3.44776119403,175,.,.,114.000000,45.000000,,2.53333333333,153,.,.,117.000000,22.000000,,5.31818181818,1728,.,.,1541.000000,85.000000,,18.1294117647,173,.,.,130.000000,43.000000,,3.02325581395,631,.,.,583.000000,4.000000,,145.75,924,.,.,828.000000,38.000000,,21.7894736842
INDEL,D1_5,TS_boundary,PASS,*,QUAL,*,0.469512,0.725118,0.587084,0.56997,3,32,3036641434.000000,32959293.000000,0.000000,328,.,.,231.000000,67.000000,,3.44776119403,154,.,.,96.000000,44.000000,,2.18181818182,174,.,.,135.000000,23.000000,,5.86956521739,511,.,.,427.000000,82.000000,,5.20731707317,153,.,.,110.000000,43.000000,,2.55813953488,58,.,.,54.000000,4.000000,,13.5,300,.,.,263.000000,35.000000,,7.51428571429
INDEL,D1_5,TS_contained,ALL,*,QUAL,*,0.904836,0.566635,0.0,0.696869,58,664,32959293.000000,32959293.000000,0.000000,3205,.,.,2121.000000,934.000000,,2.27087794433,2900,.,.,1974.000000,804.000000,,2.4552238806,305,.,.,147.000000,130.000000,,1.13076923077,5185,.,.,4333.000000,808.000000,,5.36262376238,2938,.,.,2128.000000,803.000000,,2.6500622665,2247,.,.,2205.000000,5.000000,,441.0,0,.,.,0.000000,0.000000,,
INDEL,D1_5,TS_contained,PASS,*,QUAL,*,0.867083,0.93777,0.0,0.901042,9,77,32959293.000000,32959293.000000,0.000000,3205,.,.,2121.000000,934.000000,,2.27087794433,2779,.,.,1873.000000,798.000000,,2.34711779449,426,.,.,248.000000,136.000000,,1.82352941176,3005,.,.,2200.000000,802.000000,,2.74314214464,2818,.,.,2020.000000,797.000000,,2.53450439147,187,.,.,180.000000,5.000000,,36.0,0,.,.,0.000000,0.000000,,
INDEL,D1_5,coding.exons.acmg.ensembl87,ALL,*,QUAL,*,0.0,,1.0,,0,0,7153.000000,7053.000000,0.000000,0,.,.,0.000000,0.000000,,,0,.,.,0.000000,0.000000,,,0,.,.,0.000000,0.000000,,,2,.,.,2.000000,0.000000,,,0,.,.,0.000000,0.000000,,,0,.,.,0.000000,0.000000,,,2,.,.,2.000000,0.000000,,
INDEL,D1_5,coding.exons.acmg.ensembl87,PASS,*,QUAL,*,0.0,0.0,0.0,,0,0,7153.000000,7053.000000,0.000000,0,.,.,0.000000,0.000000,,,0,.,.,0.000000,0.000000,,,0,.,.,0.000000,0.000000,,,0,.,.,0.000000,0.000000,,,0,.,.,0.000000,0.000000,,,0,.,.,0.000000,0.000000,,,0,.,.,0.000000,0.000000,,
INDEL,D1_5,coding.exons.acmg.ensembl87_NF2,ALL,*,QUAL,*,0.0,,1.0,,0,0,7153.000000,7053.000000,1.000000,0,.,.,0.000000,0.000000,,,0,.,.,0.000000,0.000000,,,0,.,.,0.000000,0.000000,,,2,.,.,2.000000,0.000000,,,0,.,.,0.000000,0.000000,,,0,.,.,0.000000,0.000000,,,2,.,.,2.000000,0.000000,,
INDEL,D1_5,coding.exons.acmg.ensembl87_NF2,PASS,*,QUAL,*,0.0,0.0,0.0,,0,0,7153.000000,7053.000000,1.000000,0,.,.,0.000000,0.000000,,,0,.,.,0.000000,0.000000,,,0,.,.,0.000000,0.000000,,,0,.,.,0.000000,0.000000,,,0,.,.,0.000000,0.000000,,,0,.,.,0.000000,0.000000,,,0,.,.,0.000000,0.000000,,
INDEL,D1_5,high.at,ALL,*,QUAL,*,0.843621,0.527288,0.462545,0.648958,16,153,4222773.000000,3378999.000000,0.000000,729,.,.,479.000000,198.000000,,2.41919191919,615,.,.,413.000000,165.000000,,2.50303030303,114,.,.,66.000000,33.000000,,2.0,2216,.,.,1974.000000,192.000000,,10.28125,628,.,.,464.000000,164.000000,,2.82926829268,563,.,.,546.000000,2.000000,,273.0,1025,.,.,964.000000,26.000000,,37.0769230769
INDEL,D1_5,high.at,PASS,*,QUAL,*,0.794239,0.905488,0.347264,0.846223,2,33,4222773.000000,3378999.000000,0.000000,729,.,.,479.000000,198.000000,,2.41919191919,579,.,.,382.000000,162.000000,,2.35802469136,150,.,.,97.000000,36.000000,,2.69444444444,1005,.,.,815.000000,189.000000,,4.31216931217,594,.,.,432.000000,162.000000,,2.66666666667,62,.,.,60.000000,2.000000,,30.0,349,.,.,323.000000,25.000000,,12.92
INDEL,D1_5,high.gc,ALL,*,QUAL,*,0.977778,0.916667,0.478261,0.946237,1,1,687864.000000,542382.000000,0.000000,45,.,.,26.000000,19.000000,,1.36842105263,44,.,.,26.000000,18.000000,,1.44444444444,1,.,.,0.000000,1.000000,,0.0,92,.,.,69.000000,22.000000,,3.13636363636,44,.,.,26.000000,18.000000,,1.44444444444,4,.,.,4.000000,0.000000,,,44,.,.,39.000000,4.000000,,9.75
INDEL,D1_5,high.gc,PASS,*,QUAL,*,0.955556,1.0,0.306452,0.977273,0,0,687864.000000,542382.000000,0.000000,45,.,.,26.000000,19.000000,,1.36842105263,43,.,.,25.000000,18.000000,,1.38888888889,2,.,.,1.000000,1.000000,,1.0,62,.,.,40.000000,22.000000,,1.81818181818,43,.,.,25.000000,18.000000,,1.38888888889,0,.,.,0.000000,0.000000,,,19,.,.,15.000000,4.000000,,3.75
INDEL,D1_5,repeat.masker,ALL,*,QUAL,*,0.846521,0.450657,0.457499,0.588186,52,711,22296513.000000,16369452.000000,0.000000,2515,.,.,1679.000000,676.000000,,2.48372781065,2129,.,.,1451.000000,551.000000,,2.6333938294,386,.,.,228.000000,125.000000,,1.824,8835,.,.,7928.000000,663.000000,,11.9577677225,2160,.,.,1606.000000,548.000000,,2.93065693431,2633,.,.,2552.000000,7.000000,,364.571428571,4042,.,.,3770.000000,108.000000,,34.9074074074
INDEL,D1_5,repeat.masker,PASS,*,QUAL,*,0.794433,0.900621,0.360749,0.844201,9,96,22296513.000000,16369452.000000,0.000000,2515,.,.,1679.000000,676.000000,,2.48372781065,1998,.,.,1340.000000,545.000000,,2.45871559633,517,.,.,339.000000,131.000000,,2.58778625954,3526,.,.,2868.000000,654.000000,,4.38532110092,2030,.,.,1486.000000,543.000000,,2.73664825046,224,.,.,216.000000,7.000000,,30.8571428571,1272,.,.,1166.000000,104.000000,,11.2115384615
INDEL,D6_15,*,ALL,*,QUAL,*,0.867804,0.731107,0.516568,0.793612,5,91,40298468,32959293.000000,0.000000,469,.,.,306.000000,103.000000,,2.97087378641,407,.,.,271.000000,89.000000,,3.04494382022,62,.,.,35.000000,14.000000,,2.5,1177,.,.,993.000000,139.000000,,7.14388489209,416,.,.,327.000000,89.000000,,3.67415730337,153,.,.,141.000000,1.000000,,141.0,608,.,.,525.000000,49.000000,,10.7142857143
INDEL,D6_15,*,PASS,*,QUAL,*,0.801706,0.859375,0.427842,0.829539,0,52,40298468,32959293.000000,0.000000,469,.,.,306.000000,103.000000,,2.97087378641,376,.,.,247.000000,89.000000,,2.77528089888,93,.,.,59.000000,14.000000,,4.21428571429,783,.,.,645.000000,135.000000,,4.77777777778,385,.,.,296.000000,89.000000,,3.32584269663,63,.,.,60.000000,1.000000,,60.0,335,.,.,289.000000,45.000000,,6.42222222222
INDEL,D6_15,TS_boundary,ALL,*,QUAL,*,0.605634,0.366667,0.628483,0.456784,2,42,3036641434.000000,32959293.000000,0.000000,71,.,.,48.000000,11.000000,,4.36363636364,43,.,.,32.000000,5.000000,,6.4,28,.,.,16.000000,6.000000,,2.66666666667,323,.,.,285.000000,18.000000,,15.8333333333,44,.,.,39.000000,5.000000,,7.8,76,.,.,70.000000,1.000000,,70.0,203,.,.,176.000000,12.000000,,14.6666666667
INDEL,D6_15,TS_boundary,PASS,*,QUAL,*,0.535211,0.527027,0.59116,0.531088,0,30,3036641434.000000,32959293.000000,0.000000,71,.,.,48.000000,11.000000,,4.36363636364,38,.,.,28.000000,5.000000,,5.6,33,.,.,20.000000,6.000000,,3.33333333333,181,.,.,162.000000,17.000000,,9.52941176471,39,.,.,34.000000,5.000000,,6.8,35,.,.,33.000000,1.000000,,33.0,107,.,.,95.000000,11.000000,,8.63636363636
INDEL,D6_15,TS_contained,ALL,*,QUAL,*,0.914573,0.828508,0.0,0.869416,3,49,32959293.000000,32959293.000000,0.000000,398,.,.,258.000000,92.000000,,2.80434782609,364,.,.,239.000000,84.000000,,2.84523809524,34,.,.,19.000000,8.000000,,2.375,449,.,.,359.000000,84.000000,,4.27380952381,372,.,.,288.000000,84.000000,,3.42857142857,77,.,.,71.000000,0.000000,,,0,.,.,0.000000,0.000000,,
INDEL,D6_15,TS_contained,PASS,*,QUAL,*,0.849246,0.925134,0.0,0.885567,0,22,32959293.000000,32959293.000000,0.000000,398,.,.,258.000000,92.000000,,2.80434782609,338,.,.,219.000000,84.000000,,2.60714285714,60,.,.,39.000000,8.000000,,4.875,374,.,.,289.000000,84.000000,,3.44047619048,346,.,.,262.000000,84.000000,,3.11904761905,28,.,.,27.000000,0.000000,,,0,.,.,0.000000,0.000000,,
INDEL,D6_15,coding.exons.acmg.ensembl87,ALL,*,QUAL,*,0.0,0.0,0.0,,0,0,7153.000000,7053.000000,0.000000,0,.,.,0.000000,0.000000,,,0,.,.,0.000000,0.000000,,,0,.,.,0.000000,0.000000,,,0,.,.,0.000000,0.000000,,,0,.,.,0.000000,0.000000,,,0,.,.,0.000000,0.000000,,,0,.,.,0.000000,0.000000,,
INDEL,D6_15,coding.exons.acmg.ensembl87,PASS,*,QUAL,*,0.0,0.0,0.0,,0,0,7153.000000,7053.000000,0.000000,0,.,.,0.000000,0.000000,,,0,.,.,0.000000,0.000000,,,0,.,.,0.000000,0.000000,,,0,.,.,0.000000,0.000000,,,0,.,.,0.000000,0.000000,,,0,.,.,0.000000,0.000000,,,0,.,.,0.000000,0.000000,,
INDEL,D6_15,coding.exons.acmg.ensembl87_NF2,ALL,*,QUAL,*,0.0,0.0,0.0,,0,0,7153.000000,7053.000000,1.000000,0,.,.,0.000000,0.000000,,,0,.,.,0.000000,0.000000,,,0,.,.,0.000000,0.000000,,,0,.,.,0.000000,0.000000,,,0,.,.,0.000000,0.000000,,,0,.,.,0.000000,0.000000,,,0,.,.,0.000000,0.000000,,
INDEL,D6_15,coding.exons.acmg.ensembl87_NF2,PASS,*,QUAL,*,0.0,0.0,0.0,,0,0,7153.000000,7053.000000,1.000000,0,.,.,0.000000,0.000000,,,0,.,.,0.000000,0.000000,,,0,.,.,0.000000,0.000000,,,0,.,.,0.000000,0.000000,,,0,.,.,0.000000,0.000000,,,0,.,.,0.000000,0.000000,,,0,.,.,0.000000,0.000000,,
INDEL,D6_15,high.at,ALL,*,QUAL,*,0.831683,0.644444,0.576803,0.726189,1,29,4222773.000000,3378999.000000,0.000000,101,.,.,61.000000,21.000000,,2.90476190476,84,.,.,51.000000,17.000000,,3.0,17,.,.,10.000000,4.000000,,2.5,319,.,.,282.000000,28.000000,,10.0714285714,87,.,.,70.000000,17.000000,,4.11764705882,48,.,.,44.000000,0.000000,,,184,.,.,168.000000,11.000000,,15.2727272727
INDEL,D6_15,high.at,PASS,*,QUAL,*,0.732673,0.77551,0.502538,0.753483,0,17,4222773.000000,3378999.000000,0.000000,101,.,.,61.000000,21.000000,,2.90476190476,74,.,.,43.000000,17.000000,,2.52941176471,27,.,.,18.000000,4.000000,,4.5,197,.,.,168.000000,28.000000,,6.0,76,.,.,59.000000,17.000000,,3.47058823529,22,.,.,21.000000,0.000000,,,99,.,.,88.000000,11.000000,,8.0
INDEL,D6_15,high.gc,ALL,*,QUAL,*,0.785714,0.846154,0.409091,0.814815,1,1,687864.000000,542382.000000,0.000000,14,.,.,8.000000,5.000000,,1.6,11,.,.,7.000000,4.000000,,1.75,3,.,.,1.000000,1.000000,,1.0,22,.,.,18.000000,4.000000,,4.5,11,.,.,7.000000,4.000000,,1.75,2,.,.,2.000000,0.000000,,,9,.,.,9.000000,0.000000,,
INDEL,D6_15,high.gc,PASS,*,QUAL,*,0.714286,1.0,0.333333,0.833333,0,0,687864.000000,542382.000000,0.000000,14,.,.,8.000000,5.000000,,1.6,10,.,.,6.000000,4.000000,,1.5,4,.,.,2.000000,1.000000,,2.0,15,.,.,11.000000,4.000000,,2.75,10,.,.,6.000000,4.000000,,1.5,0,.,.,0.000000,0.000000,,,5,.,.,5.000000,0.000000,,
INDEL,D6_15,repeat.masker,ALL,*,QUAL,*,0.848958,0.693582,0.534682,0.763445,5,88,22296513.000000,16369452.000000,0.000000,384,.,.,239.000000,85.000000,,2.81176470588,326,.,.,208.000000,71.000000,,2.92957746479,58,.,.,31.000000,14.000000,,2.21428571429,1038,.,.,878.000000,116.000000,,7.56896551724,335,.,.,264.000000,71.000000,,3.71830985915,148,.,.,136.000000,1.000000,,136.0,555,.,.,478.000000,44.000000,,10.8636363636
INDEL,D6_15,repeat.masker,PASS,*,QUAL,*,0.773438,0.836066,0.454545,0.803533,0,49,22296513.000000,16369452.000000,0.000000,384,.,.,239.000000,85.000000,,2.81176470588,297,.,.,186.000000,71.000000,,2.61971830986,87,.,.,53.000000,14.000000,,3.78571428571,671,.,.,554.000000,114.000000,,4.85964912281,306,.,.,235.000000,71.000000,,3.30985915493,60,.,.,57.000000,1.000000,,57.0,305,.,.,262.000000,42.000000,,6.2380952381
INDEL,I16_PLUS,*,ALL,*,QUAL,*,0.892562,0.721854,0.67316,0.798183,2,25,40298468,32959293.000000,0.000000,121,.,.,81.000000,31.000000,,2.61290322581,108,.,.,75.000000,29.000000,,2.58620689655,13,.,.,6.000000,2.000000,,3.0,462,.,.,341.000000,82.000000,,4.15853658537,109,.,.,76.000000,29.000000,,2.62068965517,42,.,.,32.000000,6.000000,,5.33333333333,311,.,.,233.000000,47.000000,,4.95744680851
INDEL,I16_PLUS,*,PASS,*,QUAL,*,0.842975,0.881356,0.542636,0.861738,0,13,40298468,32959293.000000,0.000000,121,.,.,81.000000,31.000000,,2.61290322581,102,.,.,69.000000,29.000000,,2.37931034483,19,.,.,12.000000,2.000000,,6.0,258,.,.,190.000000,58.000000,,3.27586206897,104,.,.,71.000000,29.000000,,2.44827586207,14,.,.,9.000000,4.000000,,2.25,140,.,.,110.000000,25.000000,,4.4
INDEL,I16_PLUS,TS_boundary,ALL,*,QUAL,*,0.416667,0.235294,0.860656,0.300752,2,8,3036641434.000000,32959293.000000,0.000000,12,.,.,9.000000,2.000000,,4.5,5,.,.,5.000000,0.000000,,,7,.,.,4.000000,2.000000,,2.0,122,.,.,106.000000,11.000000,,9.63636363636,4,.,.,4.000000,0.000000,,,13,.,.,11.000000,2.000000,,5.5,105,.,.,91.000000,9.000000,,10.1111111111
INDEL,I16_PLUS,TS_boundary,PASS,*,QUAL,*,0.25,0.333333,0.869565,0.285714,0,6,3036641434.000000,32959293.000000,0.000000,12,.,.,9.000000,2.000000,,4.5,3,.,.,3.000000,0.000000,,,9,.,.,6.000000,2.000000,,3.0,69,.,.,62.000000,7.000000,,8.85714285714,3,.,.,3.000000,0.000000,,,6,.,.,5.000000,1.000000,,5.0,60,.,.,54.000000,6.000000,,9.0
INDEL,I16_PLUS,TS_contained,ALL,*,QUAL,*,0.944954,0.783582,0.0,0.856735,0,17,32959293.000000,32959293.000000,0.000000,109,.,.,72.000000,29.000000,,2.48275862069,103,.,.,70.000000,29.000000,,2.41379310345,6,.,.,2.000000,0.000000,,,134,.,.,93.000000,33.000000,,2.81818181818,105,.,.,72.000000,29.000000,,2.48275862069,29,.,.,21.000000,4.000000,,5.25,0,.,.,0.000000,0.000000,,
INDEL,I16_PLUS,TS_contained,PASS,*,QUAL,*,0.908257,0.926606,0.0,0.917339,0,7,32959293.000000,32959293.000000,0.000000,109,.,.,72.000000,29.000000,,2.48275862069,99,.,.,66.000000,29.000000,,2.27586206897,10,.,.,6.000000,0.000000,,,109,.,.,72.000000,32.000000,,2.25,101,.,.,68.000000,29.000000,,2.34482758621,8,.,.,4.000000,3.000000,,1.33333333333,0,.,.,0.000000,0.000000,,
INDEL,I16_PLUS,coding.exons.acmg.ensembl87,ALL,*,QUAL,*,0.0,0.0,0.0,,0,0,7153.000000,7053.000000,0.000000,0,.,.,0.000000,0.000000,,,0,.,.,0.000000,0.000000,,,0,.,.,0.000000,0.000000,,,0,.,.,0.000000,0.000000,,,0,.,.,0.000000,0.000000,,,0,.,.,0.000000,0.000000,,,0,.,.,0.000000,0.000000,,
INDEL,I16_PLUS,coding.exons.acmg.ensembl87,PASS,*,QUAL,*,0.0,0.0,0.0,,0,0,7153.000000,7053.000000,0.000000,0,.,.,0.000000,0.000000,,,0,.,.,0.000000,0.000000,,,0,.,.,0.000000,0.000000,,,0,.,.,0.000000,0.000000,,,0,.,.,0.000000,0.000000,,,0,.,.,0.000000,0.000000,,,0,.,.,0.000000,0.000000,,
INDEL,I16_PLUS,coding.exons.acmg.ensembl87_NF2,ALL,*,QUAL,*,0.0,0.0,0.0,,0,0,7153.000000,7053.000000,1.000000,0,.,.,0.000000,0.000000,,,0,.,.,0.000000,0.000000,,,0,.,.,0.000000,0.000000,,,0,.,.,0.000000,0.000000,,,0,.,.,0.000000,0.000000,,,0,.,.,0.000000,0.000000,,,0,.,.,0.000000,0.000000,,
INDEL,I16_PLUS,coding.exons.acmg.ensembl87_NF2,PASS,*,QUAL,*,0.0,0.0,0.0,,0,0,7153.000000,7053.000000,1.000000,0,.,.,0.000000,0.000000,,,0,.,.,0.000000,0.000000,,,0,.,.,0.000000,0.000000,,,0,.,.,0.000000,0.000000,,,0,.,.,0.000000,0.000000,,,0,.,.,0.000000,0.000000,,,0,.,.,0.000000,0.000000,,
INDEL,I16_PLUS,high.at,ALL,*,QUAL,*,0.875,0.777778,0.806452,0.823529,1,1,4222773.000000,3378999.000000,0.000000,16,.,.,13.000000,3.000000,,4.33333333333,14,.,.,12.000000,2.000000,,6.0,2,.,.,1.000000,1.000000,,1.0,93,.,.,76.000000,12.000000,,6.33333333333,14,.,.,12.000000,2.000000,,6.0,4,.,.,4.000000,0.000000,,,75,.,.,60.000000,10.000000,,6.0
INDEL,I16_PLUS,high.at,PASS,*,QUAL,*,0.875,0.933333,0.625,0.903226,0,1,4222773.000000,3378999.000000,0.000000,16,.,.,13.000000,3.000000,,4.33333333333,14,.,.,12.000000,2.000000,,6.0,2,.,.,1.000000,1.000000,,1.0,40,.,.,34.000000,6.000000,,5.66666666667,14,.,.,12.000000,2.000000,,6.0,1,.,.,1.000000,0.000000,,,25,.,.,21.000000,4.000000,,5.25
INDEL,I16_PLUS,high.gc,ALL,*,QUAL,*,1.0,0.555556,0.590909,0.714286,0,3,687864.000000,542382.000000,0.000000,6,.,.,4.000000,1.000000,,4.0,6,.,.,4.000000,1.000000,,4.0,0,.,.,0.000000,0.000000,,,22,.,.,16.000000,4.000000,,4.0,5,.,.,3.000000,1.000000,,3.0,4,.,.,2.000000,1.000000,,2.0,13,.,.,11.000000,2.000000,,5.5
INDEL,I16_PLUS,high.gc,PASS,*,QUAL,*,1.0,0.714286,0.461538,0.833333,0,2,687864.000000,542382.000000,0.000000,6,.,.,4.000000,1.000000,,4.0,6,.,.,4.000000,1.000000,,4.0,0,.,.,0.000000,0.000000,,,13,.,.,9.000000,3.000000,,3.0,5,.,.,3.000000,1.000000,,3.0,2,.,.,1.000000,1.000000,,1.0,6,.,.,5.000000,1.000000,,5.0
INDEL,I16_PLUS,repeat.masker,ALL,*,QUAL,*,0.881356,0.732394,0.737037,0.8,2,12,22296513.000000,16369452.000000,0.000000,59,.,.,43.000000,9.000000,,4.77777777778,52,.,.,42.000000,7.000000,,6.0,7,.,.,1.000000,2.000000,,0.5,270,.,.,206.000000,39.000000,,5.28205128205,52,.,.,42.000000,7.000000,,6.0,19,.,.,15.000000,1.000000,,15.0,199,.,.,149.000000,31.000000,,4.8064516129
INDEL,I16_PLUS,repeat.masker,PASS,*,QUAL,*,0.779661,0.886792,0.607407,0.829783,0,6,22296513.000000,16369452.000000,0.000000,59,.,.,43.000000,9.000000,,4.77777777778,46,.,.,36.000000,7.000000,,5.14285714286,13,.,.,7.000000,2.000000,,3.5,135,.,.,106.000000,22.000000,,4.81818181818,47,.,.,37.000000,7.000000,,5.28571428571,6,.,.,4.000000,1.000000,,4.0,82,.,.,65.000000,14.000000,,4.64285714286
INDEL,I1_5,*,ALL,*,QUAL,*,0.822997,0.695466,0.50062,0.753876,115,538,40298468,32959293.000000,0.000000,3757,.,.,2542.000000,1035.000000,,2.45603864734,3092,.,.,2122.000000,839.000000,,2.52920143027,665,.,.,420.000000,196.000000,,2.14285714286,8877,.,.,6921.000000,1018.000000,,6.79862475442,3083,.,.,2182.000000,834.000000,,2.61630695444,1350,.,.,1138.000000,7.000000,,162.571428571,4444,.,.,3601.000000,177.000000,,20.3446327684
INDEL,I1_5,*,PASS,*,QUAL,*,0.797179,0.968882,0.306586,0.874683,6,52,40298468,32959293.000000,0.000000,3757,.,.,2542.000000,1035.000000,,2.45603864734,2995,.,.,2047.000000,833.000000,,2.45738295318,762,.,.,495.000000,202.000000,,2.4504950495,4449,.,.,3292.000000,1010.000000,,3.25940594059,2989,.,.,2103.000000,829.000000,,2.53679131484,96,.,.,83.000000,7.000000,,11.8571428571,1364,.,.,1106.000000,174.000000,,6.35632183908
INDEL,I1_5,TS_boundary,ALL,*,QUAL,*,0.552561,0.718412,0.804792,0.624665,10,41,3036641434.000000,32959293.000000,0.000000,371,.,.,286.000000,52.000000,,5.5,205,.,.,155.000000,31.000000,,5.0,166,.,.,131.000000,21.000000,,6.2380952381,1419,.,.,1181.000000,69.000000,,17.115942029,199,.,.,168.000000,27.000000,,6.22222222222,78,.,.,66.000000,1.000000,,66.0,1142,.,.,947.000000,41.000000,,23.0975609756
INDEL,I1_5,TS_boundary,PASS,*,QUAL,*,0.458221,0.865979,0.620352,0.59932,1,19,3036641434.000000,32959293.000000,0.000000,371,.,.,286.000000,52.000000,,5.5,170,.,.,124.000000,29.000000,,4.27586206897,201,.,.,162.000000,23.000000,,7.04347826087,511,.,.,421.000000,68.000000,,6.19117647059,168,.,.,139.000000,26.000000,,5.34615384615,26,.,.,23.000000,1.000000,,23.0,317,.,.,259.000000,41.000000,,6.31707317073
INDEL,I1_5,TS_contained,ALL,*,QUAL,*,0.852628,0.693936,0.0,0.765141,105,497,32959293.000000,32959293.000000,0.000000,3386,.,.,2256.000000,983.000000,,2.29501525941,2887,.,.,1967.000000,808.000000,,2.43440594059,499,.,.,289.000000,175.000000,,1.65142857143,4156,.,.,3086.000000,813.000000,,3.79581795818,2884,.,.,2014.000000,807.000000,,2.49566294919,1272,.,.,1072.000000,6.000000,,178.666666667,0,.,.,0.000000,0.000000,,
INDEL,I1_5,TS_contained,PASS,*,QUAL,*,0.834318,0.975787,0.0,0.899524,5,33,32959293.000000,32959293.000000,0.000000,3386,.,.,2256.000000,983.000000,,2.29501525941,2825,.,.,1923.000000,804.000000,,2.39179104478,561,.,.,333.000000,179.000000,,1.86033519553,2891,.,.,2024.000000,809.000000,,2.50185414091,2821,.,.,1964.000000,803.000000,,2.44582814446,70,.,.,60.000000,6.000000,,10.0,0,.,.,0.000000,0.000000,,
INDEL,I1_5,coding.exons.acmg.ensembl87,ALL,*,QUAL,*,1.0,0.5,0.333333,0.666667,0,1,7153.000000,7053.000000,0.000000,1,.,.,1.000000,0.000000,,,1,.,.,1.000000,0.000000,,,0,.,.,0.000000,0.000000,,,3,.,.,3.000000,0.000000,,,1,.,.,1.000000,0.000000,,,1,.,.,1.000000,0.000000,,,1,.,.,1.000000,0.000000,,
INDEL,I1_5,coding.exons.acmg.ensembl87,PASS,*,QUAL,*,1.0,1.0,0.0,1.0,0,0,7153.000000,7053.000000,0.000000,1,.,.,1.000000,0.000000,,,1,.,.,1.000000,0.000000,,,0,.,.,0.000000,0.000000,,,1,.,.,1.000000,0.000000,,,1,.,.,1.000000,0.000000,,,0,.,.,0.000000,0.000000,,,0,.,.,0.000000,0.000000,,
INDEL,I1_5,coding.exons.acmg.ensembl87_NF2,ALL,*,QUAL,*,1.0,0.5,0.333333,0.666667,0,1,7153.000000,7053.000000,1.000000,1,.,.,1.000000,0.000000,,,1,.,.,1.000000,0.000000,,,0,.,.,0.000000,0.000000,,,3,.,.,3.000000,0.000000,,,1,.,.,1.000000,0.000000,,,1,.,.,1.000000,0.000000,,,1,.,.,1.000000,0.000000,,
INDEL,I1_5,coding.exons.acmg.ensembl87_NF2,PASS,*,QUAL,*,1.0,1.0,0.0,1.0,0,0,7153.000000,7053.000000,1.000000,1,.,.,1.000000,0.000000,,,1,.,.,1.000000,0.000000,,,0,.,.,0.000000,0.000000,,,1,.,.,1.000000,0.000000,,,1,.,.,1.000000,0.000000,,,0,.,.,0.000000,0.000000,,,0,.,.,0.000000,0.000000,,
INDEL,I1_5,high.at,ALL,*,QUAL,*,0.780355,0.670188,0.528239,0.721088,23,128,4222773.000000,3378999.000000,0.000000,733,.,.,491.000000,189.000000,,2.59788359788,572,.,.,398.000000,142.000000,,2.80281690141,161,.,.,93.000000,47.000000,,1.97872340426,1806,.,.,1414.000000,188.000000,,7.52127659574,571,.,.,412.000000,141.000000,,2.9219858156,281,.,.,236.000000,2.000000,,118.0,954,.,.,766.000000,45.000000,,17.0222222222
INDEL,I1_5,high.at,PASS,*,QUAL,*,0.750341,0.953206,0.325146,0.839695,2,16,4222773.000000,3378999.000000,0.000000,733,.,.,491.000000,189.000000,,2.59788359788,550,.,.,385.000000,137.000000,,2.8102189781,183,.,.,106.000000,52.000000,,2.03846153846,855,.,.,640.000000,182.000000,,3.51648351648,550,.,.,398.000000,137.000000,,2.90510948905,27,.,.,24.000000,2.000000,,12.0,278,.,.,218.000000,43.000000,,5.06976744186
INDEL,I1_5,high.gc,ALL,*,QUAL,*,0.87234,0.854167,0.616,0.863158,0,2,687864.000000,542382.000000,0.000000,47,.,.,23.000000,22.000000,,1.04545454545,41,.,.,18.000000,22.000000,,0.818181818182,6,.,.,5.000000,0.000000,,,125,.,.,86.000000,29.000000,,2.96551724138,41,.,.,18.000000,22.000000,,0.818181818182,7,.,.,4.000000,2.000000,,2.0,77,.,.,64.000000,5.000000,,12.8
INDEL,I1_5,high.gc,PASS,*,QUAL,*,0.851064,0.930233,0.402778,0.888889,0,2,687864.000000,542382.000000,0.000000,47,.,.,23.000000,22.000000,,1.04545454545,40,.,.,17.000000,22.000000,,0.772727272727,7,.,.,6.000000,0.000000,,,72,.,.,41.000000,29.000000,,1.41379310345,40,.,.,17.000000,22.000000,,0.772727272727,3,.,.,1.000000,2.000000,,0.5,29,.,.,23.000000,5.000000,,4.6
INDEL,I1_5,repeat.masker,ALL,*,QUAL,*,0.792453,0.666785,0.537652,0.724208,91,386,22296513.000000,16369452.000000,0.000000,2385,.,.,1637.000000,603.000000,,2.71475953566,1890,.,.,1327.000000,457.000000,,2.90371991247,495,.,.,310.000000,146.000000,,2.12328767123,6082,.,.,4841.000000,568.000000,,8.52288732394,1875,.,.,1375.000000,453.000000,,3.0353200883,937,.,.,790.000000,4.000000,,197.5,3270,.,.,2676.000000,111.000000,,24.1081081081
INDEL,I1_5,repeat.masker,PASS,*,QUAL,*,0.763103,0.9648,0.342797,0.852179,5,42,22296513.000000,16369452.000000,0.000000,2385,.,.,1637.000000,603.000000,,2.71475953566,1820,.,.,1274.000000,452.000000,,2.8185840708,565,.,.,363.000000,151.000000,,2.40397350993,2853,.,.,2188.000000,561.000000,,3.90017825312,1809,.,.,1319.000000,449.000000,,2.93763919822,66,.,.,57.000000,4.000000,,14.25,978,.,.,812.000000,108.000000,,7.51851851852
INDEL,I6_15,*,ALL,*,QUAL,*,0.834409,0.842795,0.557488,0.838581,6,55,40298468,32959293.000000,0.000000,465,.,.,297.000000,103.000000,,2.88349514563,388,.,.,247.000000,89.000000,,2.77528089888,77,.,.,50.000000,14.000000,,3.57142857143,1035,.,.,668.000000,148.000000,,4.51351351351,386,.,.,257.000000,88.000000,,2.92045454545,72,.,.,45.000000,3.000000,,15.0,577,.,.,366.000000,57.000000,,6.42105263158
INDEL,I6_15,*,PASS,*,QUAL,*,0.804301,0.944304,0.414815,0.868698,1,19,40298468,32959293.000000,0.000000,465,.,.,297.000000,103.000000,,2.88349514563,374,.,.,237.000000,89.000000,,2.66292134831,91,.,.,60.000000,14.000000,,4.28571428571,675,.,.,449.000000,140.000000,,3.20714285714,373,.,.,247.000000,88.000000,,2.80681818182,22,.,.,17.000000,2.000000,,8.5,280,.,.,185.000000,50.000000,,3.7
INDEL,I6_15,TS_boundary,ALL,*,QUAL,*,0.461538,0.62963,0.746479,0.532637,1,14,3036641434.000000,32959293.000000,0.000000,78,.,.,60.000000,6.000000,,10.0,36,.,.,24.000000,4.000000,,6.0,42,.,.,36.000000,2.000000,,18.0,213,.,.,161.000000,15.000000,,10.7333333333,34,.,.,30.000000,3.000000,,10.0,20,.,.,16.000000,1.000000,,16.0,159,.,.,115.000000,11.000000,,10.4545454545
INDEL,I6_15,TS_boundary,PASS,*,QUAL,*,0.423077,0.761905,0.681818,0.544049,0,9,3036641434.000000,32959293.000000,0.000000,78,.,.,60.000000,6.000000,,10.0,33,.,.,22.000000,4.000000,,5.5,45,.,.,38.000000,2.000000,,19.0,132,.,.,105.000000,14.000000,,7.5,32,.,.,28.000000,3.000000,,9.33333333333,10,.,.,9.000000,0.000000,,,90,.,.,68.000000,11.000000,,6.18181818182
INDEL,I6_15,TS_contained,ALL,*,QUAL,*,0.909561,0.871287,0.0,0.890013,5,41,32959293.000000,32959293.000000,0.000000,387,.,.,237.000000,97.000000,,2.44329896907,352,.,.,223.000000,85.000000,,2.62352941176,35,.,.,14.000000,12.000000,,1.16666666667,404,.,.,256.000000,87.000000,,2.94252873563,352,.,.,227.000000,85.000000,,2.67058823529,52,.,.,29.000000,2.000000,,14.5,0,.,.,0.000000,0.000000,,
INDEL,I6_15,TS_contained,PASS,*,QUAL,*,0.881137,0.966006,0.0,0.921622,1,10,32959293.000000,32959293.000000,0.000000,387,.,.,237.000000,97.000000,,2.44329896907,341,.,.,215.000000,85.000000,,2.52941176471,46,.,.,22.000000,12.000000,,1.83333333333,353,.,.,227.000000,87.000000,,2.6091954023,341,.,.,219.000000,85.000000,,2.57647058824,12,.,.,8.000000,2.000000,,4.0,0,.,.,0.000000,0.000000,,
INDEL,I6_15,coding.exons.acmg.ensembl87,ALL,*,QUAL,*,0.0,0.0,0.0,,0,0,7153.000000,7053.000000,0.000000,0,.,.,0.000000,0.000000,,,0,.,.,0.000000,0.000000,,,0,.,.,0.000000,0.000000,,,0,.,.,0.000000,0.000000,,,0,.,.,0.000000,0.000000,,,0,.,.,0.000000,0.000000,,,0,.,.,0.000000,0.000000,,
INDEL,I6_15,coding.exons.acmg.ensembl87,PASS,*,QUAL,*,0.0,0.0,0.0,,0,0,7153.000000,7053.000000,0.000000,0,.,.,0.000000,0.000000,,,0,.,.,0.000000,0.000000,,,0,.,.,0.000000,0.000000,,,0,.,.,0.000000,0.000000,,,0,.,.,0.000000,0.000000,,,0,.,.,0.000000,0.000000,,,0,.,.,0.000000,0.000000,,
INDEL,I6_15,coding.exons.acmg.ensembl87_NF2,ALL,*,QUAL,*,0.0,0.0,0.0,,0,0,7153.000000,7053.000000,1.000000,0,.,.,0.000000,0.000000,,,0,.,.,0.000000,0.000000,,,0,.,.,0.000000,0.000000,,,0,.,.,0.000000,0.000000,,,0,.,.,0.000000,0.000000,,,0,.,.,0.000000,0.000000,,,0,.,.,0.000000,0.000000,,
INDEL,I6_15,coding.exons.acmg.ensembl87_NF2,PASS,*,QUAL,*,0.0,0.0,0.0,,0,0,7153.000000,7053.000000,1.000000,0,.,.,0.000000,0.000000,,,0,.,.,0.000000,0.000000,,,0,.,.,0.000000,0.000000,,,0,.,.,0.000000,0.000000,,,0,.,.,0.000000,0.000000,,,0,.,.,0.000000,0.000000,,,0,.,.,0.000000,0.000000,,
INDEL,I6_15,high.at,ALL,*,QUAL,*,0.811111,0.811111,0.565217,0.811111,0,12,4222773.000000,3378999.000000,0.000000,90,.,.,55.000000,15.000000,,3.66666666667,73,.,.,45.000000,12.000000,,3.75,17,.,.,10.000000,3.000000,,3.33333333333,207,.,.,140.000000,25.000000,,5.6,73,.,.,48.000000,12.000000,,4.0,17,.,.,13.000000,1.000000,,13.0,117,.,.,79.000000,12.000000,,6.58333333333
INDEL,I6_15,high.at,PASS,*,QUAL,*,0.755556,0.906667,0.448529,0.824242,0,6,4222773.000000,3378999.000000,0.000000,90,.,.,55.000000,15.000000,,3.66666666667,68,.,.,41.000000,12.000000,,3.41666666667,22,.,.,14.000000,3.000000,,4.66666666667,136,.,.,92.000000,25.000000,,3.68,68,.,.,44.000000,12.000000,,3.66666666667,7,.,.,6.000000,1.000000,,6.0,61,.,.,42.000000,12.000000,,3.5
INDEL,I6_15,high.gc,ALL,*,QUAL,*,0.866667,1.0,0.566667,0.928571,0,0,687864.000000,542382.000000,0.000000,15,.,.,11.000000,1.000000,,11.0,13,.,.,10.000000,1.000000,,10.0,2,.,.,1.000000,0.000000,,,30,.,.,26.000000,2.000000,,13.0,13,.,.,11.000000,1.000000,,11.0,0,.,.,0.000000,0.000000,,,17,.,.,15.000000,1.000000,,15.0
INDEL,I6_15,high.gc,PASS,*,QUAL,*,0.866667,1.0,0.48,0.928571,0,0,687864.000000,542382.000000,0.000000,15,.,.,11.000000,1.000000,,11.0,13,.,.,10.000000,1.000000,,10.0,2,.,.,1.000000,0.000000,,,25,.,.,21.000000,2.000000,,10.5,13,.,.,11.000000,1.000000,,11.0,0,.,.,0.000000,0.000000,,,12,.,.,10.000000,1.000000,,10.0
INDEL,I6_15,repeat.masker,ALL,*,QUAL,*,0.819672,0.841216,0.581921,0.830304,5,35,22296513.000000,16369452.000000,0.000000,305,.,.,194.000000,61.000000,,3.18032786885,250,.,.,161.000000,50.000000,,3.22,55,.,.,33.000000,11.000000,,3.0,708,.,.,469.000000,89.000000,,5.26966292135,249,.,.,172.000000,49.000000,,3.51020408163,47,.,.,30.000000,1.000000,,30.0,412,.,.,267.000000,39.000000,,6.84615384615
INDEL,I6_15,repeat.masker,PASS,*,QUAL,*,0.783607,0.944664,0.45,0.856631,0,13,22296513.000000,16369452.000000,0.000000,305,.,.,194.000000,61.000000,,3.18032786885,239,.,.,152.000000,50.000000,,3.04,66,.,.,42.000000,11.000000,,3.81818181818,460,.,.,314.000000,84.000000,,3.7380952381,239,.,.,163.000000,49.000000,,3.32653061224,14,.,.,11.000000,1.000000,,11.0,207,.,.,140.000000,34.000000,,4.11764705882
SNP,*,*,ALL,*,QUAL,*,0.962241,0.990348,0.249696,0.976092,163,131,40298468,32959293.000000,0.000000,48280,33775.000000,14512.000000,32425.000000,15840.000000,2.32738423374,2.04703282828,46457,32694.000000,13770.000000,31125.000000,15318.000000,2.374291939,2.03192322758,1823,1081.000000,742.000000,1300.000000,522.000000,1.45687331536,2.49042145594,62552,42207.000000,20363.000000,44761.000000,17756.000000,2.07272995138,2.52089434557,46480,32704.000000,13783.000000,31144.000000,15322.000000,2.37277805993,2.03263281556,453,224.000000,229.000000,407.000000,44.000000,0.978165938865,9.25,15619,9279.000000,6351.000000,13210.000000,2390.000000,1.46102975909,5.52719665272
SNP,*,*,PASS,*,QUAL,*,0.946396,0.996013,0.141377,0.970571,22,82,40298468,32959293.000000,0.000000,48280,33775.000000,14512.000000,32425.000000,15840.000000,2.32738423374,2.04703282828,45692,32212.000000,13486.000000,30689.000000,14990.000000,2.38855109002,2.0472981988,2588,1563.000000,1026.000000,1736.000000,850.000000,1.52339181287,2.04235294118,53453,36973.000000,16487.000000,37065.000000,16371.000000,2.2425547401,2.26406450431,45713,32222.000000,13497.000000,30708.000000,14992.000000,2.387345336,2.04829242263,183,94.000000,89.000000,158.000000,25.000000,1.05617977528,6.32,7557,4657.000000,2901.000000,6199.000000,1354.000000,1.60530851431,4.57828655835
SNP,*,TS_boundary,ALL,*,QUAL,*,0.774569,0.910588,0.436489,0.837089,62,71,3036641434.000000,32959293.000000,0.000000,2493,1604.000000,889.000000,1669.000000,823.000000,1.80427446569,2.02794653706,1931,1293.000000,638.000000,1274.000000,657.000000,2.02664576803,1.93911719939,562,311.000000,251.000000,395.000000,166.000000,1.2390438247,2.37951807229,3771,2331.000000,1441.000000,2843.000000,926.000000,1.61762664816,3.07019438445,1935,1294.000000,641.000000,1276.000000,659.000000,2.01872074883,1.93626707132,190,95.000000,95.000000,171.000000,18.000000,1.0,9.5,1646,942.000000,705.000000,1396.000000,249.000000,1.33617021277,5.60642570281
SNP,*,TS_boundary,PASS,*,QUAL,*,0.686322,0.955915,0.348364,0.79899,9,44,3036641434.000000,32959293.000000,0.000000,2493,1604.000000,889.000000,1669.000000,823.000000,1.80427446569,2.02794653706,1711,1151.000000,560.000000,1121.000000,590.000000,2.05535714286,1.9,782,453.000000,329.000000,548.000000,233.000000,1.37689969605,2.35193133047,2750,1766.000000,984.000000,1990.000000,760.000000,1.79471544715,2.61842105263,1713,1152.000000,561.000000,1123.000000,590.000000,2.05347593583,1.90338983051,79,44.000000,35.000000,72.000000,7.000000,1.25714285714,10.2857142857,958,570.000000,388.000000,795.000000,163.000000,1.46907216495,4.8773006135
SNP,*,TS_contained,ALL,*,QUAL,*,0.972459,0.994131,0.0,0.983176,101,60,32959293.000000,32959293.000000,0.000000,45787,32171.000000,13623.000000,30756.000000,15017.000000,2.3615209572,2.04807884398,44526,31401.000000,13132.000000,29851.000000,14661.000000,2.39118184587,2.03608212264,1261,770.000000,491.000000,905.000000,356.000000,1.56822810591,2.54213483146,44808,31539.000000,13276.000000,30104.000000,14689.000000,2.37564025309,2.0494247396,44545,31410.000000,13142.000000,29868.000000,14663.000000,2.39004717699,2.0369637864,263,129.000000,134.000000,236.000000,26.000000,0.962686567164,9.07692307692,0,0.000000,0.000000,0.000000,0.000000,,
SNP,*,TS_contained,PASS,*,QUAL,*,0.960556,0.997642,0.0,0.978748,13,38,32959293.000000,32959293.000000,0.000000,45787,32171.000000,13623.000000,30756.000000,15017.000000,2.3615209572,2.04807884398,43981,31061.000000,12926.000000,29568.000000,14400.000000,2.40298622931,2.05333333333,1806,1110.000000,697.000000,1188.000000,617.000000,1.59253945481,1.92544570502,44104,31120.000000,12990.000000,29671.000000,14420.000000,2.39568899153,2.05762829404,44000,31070.000000,12936.000000,29585.000000,14402.000000,2.40182436611,2.05422857936,104,50.000000,54.000000,86.000000,18.000000,0.925925925926,4.77777777778,0,0.000000,0.000000,0.000000,0.000000,,
SNP,*,coding.exons.acmg.ensembl87,ALL,*,QUAL,*,1.0,1.0,0.0,1.0,0,0,7153.000000,7053.000000,0.000000,6,3.000000,3.000000,5.000000,1.000000,1.0,5.0,6,3.000000,3.000000,5.000000,1.000000,1.0,5.0,0,0.000000,0.000000,0.000000,0.000000,,,6,3.000000,3.000000,5.000000,1.000000,1.0,5.0,6,3.000000,3.000000,5.000000,1.000000,1.0,5.0,0,0.000000,0.000000,0.000000,0.000000,,,0,0.000000,0.000000,0.000000,0.000000,,
SNP,*,coding.exons.acmg.ensembl87,PASS,*,QUAL,*,1.0,1.0,0.0,1.0,0,0,7153.000000,7053.000000,0.000000,6,3.000000,3.000000,5.000000,1.000000,1.0,5.0,6,3.000000,3.000000,5.000000,1.000000,1.0,5.0,0,0.000000,0.000000,0.000000,0.000000,,,6,3.000000,3.000000,5.000000,1.000000,1.0,5.0,6,3.000000,3.000000,5.000000,1.000000,1.0,5.0,0,0.000000,0.000000,0.000000,0.000000,,,0,0.000000,0.000000,0.000000,0.000000,,
SNP,*,coding.exons.acmg.ensembl87_NF2,ALL,*,QUAL,*,1.0,1.0,0.0,1.0,0,0,7153.000000,7053.000000,1.000000,6,3.000000,3.000000,5.000000,1.000000,1.0,5.0,6,3.000000,3.000000,5.000000,1.000000,1.0,5.0,0,0.000000,0.000000,0.000000,0.000000,,,6,3.000000,3.000000,5.000000,1.000000,1.0,5.0,6,3.000000,3.000000,5.000000,1.000000,1.0,5.0,0,0.000000,0.000000,0.000000,0.000000,,,0,0.000000,0.000000,0.000000,0.000000,,
SNP,*,coding.exons.acmg.ensembl87_NF2,PASS,*,QUAL,*,1.0,1.0,0.0,1.0,0,0,7153.000000,7053.000000,1.000000,6,3.000000,3.000000,5.000000,1.000000,1.0,5.0,6,3.000000,3.000000,5.000000,1.000000,1.0,5.0,0,0.000000,0.000000,0.000000,0.000000,,,6,3.000000,3.000000,5.000000,1.000000,1.0,5.0,6,3.000000,3.000000,5.000000,1.000000,1.0,5.0,0,0.000000,0.000000,0.000000,0.000000,,,0,0.000000,0.000000,0.000000,0.000000,,
SNP,*,high.at,ALL,*,QUAL,*,0.939665,0.979967,0.403833,0.959393,23,37,4222773.000000,3378999.000000,0.000000,4475,2969.000000,1506.000000,2927.000000,1546.000000,1.97144754316,1.89327296248,4205,2814.000000,1391.000000,2719.000000,1485.000000,2.02300503235,1.83097643098,270,155.000000,115.000000,208.000000,61.000000,1.34782608696,3.40983606557,7201,4470.000000,2734.000000,5227.000000,1968.000000,1.6349670812,2.65599593496,4207,2814.000000,1393.000000,2719.000000,1487.000000,2.02010050251,1.82851378615,86,36.000000,50.000000,73.000000,12.000000,0.72,6.08333333333,2908,1620.000000,1291.000000,2435.000000,469.000000,1.25484120837,5.19189765458
SNP,*,high.at,PASS,*,QUAL,*,0.915531,0.990815,0.249728,0.951686,3,21,4222773.000000,3378999.000000,0.000000,4475,2969.000000,1506.000000,2927.000000,1546.000000,1.97144754316,1.89327296248,4097,2755.000000,1342.000000,2644.000000,1452.000000,2.05290611028,1.82093663912,378,214.000000,164.000000,283.000000,94.000000,1.30487804878,3.01063829787,5514,3578.000000,1936.000000,3785.000000,1728.000000,1.84814049587,2.19039351852,4099,2757.000000,1342.000000,2646.000000,1452.000000,2.05439642325,1.82231404959,38,16.000000,22.000000,36.000000,2.000000,0.727272727273,18.0,1377,805.000000,572.000000,1103.000000,274.000000,1.40734265734,4.02554744526
SNP,*,high.gc,ALL,*,QUAL,*,0.915026,0.980044,0.321805,0.94642,11,2,687864.000000,542382.000000,0.000000,965,641.000000,324.000000,651.000000,314.000000,1.97839506173,2.07324840764,883,589.000000,294.000000,601.000000,282.000000,2.00340136054,2.13120567376,82,52.000000,30.000000,50.000000,32.000000,1.73333333333,1.5625,1330,831.000000,500.000000,980.000000,349.000000,1.662,2.80802292264,884,590.000000,294.000000,602.000000,282.000000,2.00680272109,2.13475177305,18,10.000000,8.000000,16.000000,2.000000,1.25,8.0,428,231.000000,198.000000,362.000000,65.000000,1.16666666667,5.56923076923
SNP,*,high.gc,PASS,*,QUAL,*,0.879793,0.997653,0.152239,0.935023,0,1,687864.000000,542382.000000,0.000000,965,641.000000,324.000000,651.000000,314.000000,1.97839506173,2.07324840764,849,565.000000,284.000000,577.000000,272.000000,1.98943661972,2.12132352941,116,76.000000,40.000000,74.000000,42.000000,1.9,1.7619047619,1005,664.000000,341.000000,703.000000,302.000000,1.94721407625,2.32781456954,850,566.000000,284.000000,578.000000,272.000000,1.99295774648,2.125,2,2.000000,0.000000,2.000000,0.000000,,,153,96.000000,57.000000,123.000000,30.000000,1.68421052632,4.1
SNP,*,repeat.masker,ALL,*,QUAL,*,0.958135,0.98795,0.278456,0.972814,101,105,22296513.000000,16369452.000000,0.000000,25224,17680.000000,7548.000000,16902.000000,8315.000000,2.34234234234,2.03271196633,24168,17075.000000,7097.000000,16139.000000,8022.000000,2.40594617444,2.01184243331,1056,605.000000,451.000000,763.000000,293.000000,1.34146341463,2.60409556314,33930,22722.000000,11216.000000,24430.000000,9483.000000,2.02585592011,2.57618896974,24187,17082.000000,7109.000000,16155.000000,8025.000000,2.40286960191,2.01308411215,295,144.000000,151.000000,263.000000,31.000000,0.953642384106,8.48387096774,9448,5496.000000,3956.000000,8012.000000,1427.000000,1.38928210313,5.61457603364
SNP,*,repeat.masker,PASS,*,QUAL,*,0.940374,0.994511,0.163817,0.966685,14,67,22296513.000000,16369452.000000,0.000000,25224,17680.000000,7548.000000,16902.000000,8315.000000,2.34234234234,2.03271196633,23720,16810.000000,6914.000000,15882.000000,7831.000000,2.431298814,2.02809347465,1504,870.000000,634.000000,1020.000000,484.000000,1.37223974763,2.10743801653,28544,19690.000000,8859.000000,19886.000000,8648.000000,2.22259848741,2.29949121184,23737,16817.000000,6924.000000,15898.000000,7832.000000,2.42879838244,2.02987742594,131,61.000000,70.000000,113.000000,18.000000,0.871428571429,6.27777777778,4676,2812.000000,1865.000000,3875.000000,798.000000,1.50777479893,4.85588972431
